sample_id,FISHES_id,long_tot,long_fourche,mass,sex,egg_dvpment,pop,ecotype,true_eco,genotype,STL,MXL,MDL,POL,OOL,PSL,TTL,DOL,LUL,ANL,CPL,CPD,PCL,PVL,BDD,HDD,AMO,HEA,lower_gill_raker,upper_gill_raker,middle_gill_raker_length,data.sample_id,pc1_geomorph,true_age,confiance,X1_um,X2_um,X3_um,X4_um,X5_um,X6_um,X7_um,X8_um,X9_um,infered_age
NOT_1EARLY,coarNOTs_7501-21,389,358,548,M,3,NOT_summer,summer_run,summer_run,NOT_summer,32.9,2.15,3.11,1.27,1.37,3.68,10.46,3.9,8.34,3.63,2.29,4.48,4.59,3.66,7.48,3.17,64.38,5.41,26,16,57,NOT_1EARLY,0.00017,6,2,610.5393,891.3335,1106.1229,1290.4367,1467.6443,1561.2411,1608.7813,NA,NA,6
NOT_2EARLY,coarNOTs_7502-21,368,335,440,M,3,NOT_summer,summer_run,summer_run,NOT_summer,30.56,2.06,3.1,1.31,1.45,3.65,9.27,3.88,7.36,3.46,2.34,4.51,4.23,4.08,6.65,2.89,57.6,4.41,26,15,60,NOT_2EARLY,0.000308,5,2,681.768,1033.473,1240.831,1402.2084,1546.2035,1685.9455,NA,NA,NA,5
NOT_3EARLY,coarNOTs_7503-21,405,368,648,M,3,NOT_summer,summer_run,summer_run,NOT_summer,33.24,2.07,3.17,1.52,1.32,4.34,10.24,3.7,8.69,3.53,2.6,4.33,4.71,4.36,7.96,3.18,71.56,5.12,26,16,53,NOT_3EARLY,-0.00605316,5,2,794.8543,1077.1178,1242.7185,1376.6649,1545.1392,1658.9774,NA,NA,NA,5
NOT_4EARLY,coarNOTs_7504-21,388,355,575,M,3,NOT_summer,summer_run,summer_run,NOT_summer,32.45,2.09,3.75,1.62,1.31,4.14,10.13,3.93,8.13,3.57,2.76,4.2,4.78,4,7.51,3.39,56.9,4.96,27,16,66,NOT_4EARLY,-0.013570187,5,1,768.7088,1143.099,1397.331,1499.8207,1663.9751,1805.2078,NA,NA,NA,5
NOT_5EARLY,coarNOTs_7505-21,390,357,506,M,3,NOT_summer,summer_run,summer_run,NOT_summer,32.78,2.1,3.05,1.37,1.2,3.98,10.46,3.99,7.97,3.24,2.48,4.32,4.22,3.9,6.83,2.86,68.54,5.12,29,18,58,NOT_5EARLY,-0.012133527,4,2,739.7175,1077.3086,1445.1816,1645.9606,1748.2377,NA,NA,NA,NA,4
NOT_6EARLY,coarNOTs_7506-21,379,357,588,F,3,NOT_summer,summer_run,summer_run,NOT_summer,31.78,1.95,2.83,1.41,1.22,3.55,10.53,3.67,8.21,3.45,2.51,4.12,4.56,4.13,7.48,2.83,52.62,4.82,26,15,52,NOT_6EARLY,-0.01275176,6,1,758.9951,1105.4971,1236.8803,1395.6934,1492.4382,1584.2908,1677.7991,NA,NA,6
NOT_7EARLY,coarNOTs_7507-21,380,343,446,M,3,NOT_summer,summer_run,summer_run,NOT_summer,31.18,1.81,2.74,1.39,1.14,3.6,9.52,4.15,8.08,3.57,2.25,3.97,4.08,3.84,7,2.71,57.34,4.51,21,17,56,NOT_7EARLY,0.005413019,NA,NA,NA,NA,NA,NA,NA,NA,NA,NA,NA,5
NOT_8EARLY,coarNOTs_7508-21,387,353,536,F,3,NOT_summer,summer_run,summer_run,NOT_summer,32.14,2.11,3.34,1.87,1.25,3.83,9.86,3.29,8.28,3.18,2.44,4.43,4.56,3.77,7.39,3.15,62.71,4.85,25,16,47,NOT_8EARLY,-0.003062986,NA,NA,NA,NA,NA,NA,NA,NA,NA,NA,NA,6
NOT_9EARLY,coarNOTs_7509-21,401,367,474,F,3,NOT_summer,summer_run,summer_run,NOT_summer,33.47,1.98,3.08,1.39,1.24,4.14,10.36,4.47,8.52,3.65,2.79,5.05,4.67,4.06,8.12,3.06,68.91,4.7,NA,NA,NA,NOT_9EARLY,8.30E-05,NA,NA,NA,NA,NA,NA,NA,NA,NA,NA,NA,5
NOT_10EARLY,coarNOTs_7510-21,382,347,487,M,3,NOT_summer,summer_run,summer_run,NOT_summer,32.27,2.04,2.97,1.46,1.35,4,9.85,3.79,8.59,3.16,2.61,4.91,4.26,3.86,8.13,2.96,41.17,4.99,26,15,55,NOT_10EARLY,0.013629362,4,1,783.6313,1113.6064,1285.8296,1478.2557,1569.5311,NA,NA,NA,NA,4
NOT_11EARLY,coarNOTs_7511-21,331,300,231,F,3,NOT_summer,summer_run,summer_run,NOT_summer,27.58,1.72,2.72,1.39,1.25,3.22,8,3.54,6.91,2.73,1.89,3.65,4.09,3.7,6.1,2.55,49.52,4.32,27,15,47,NOT_11EARLY,0.006480232,5,1,573.8906,918.8604,1203.4066,1330.6448,1450.7146,1585.1246,NA,NA,NA,5
NOT_12EARLY,coarNOTs_7512-21,375,344,434,M,3,NOT_summer,summer_run,summer_run,NOT_summer,31.44,1.81,2.68,1.41,1.1,3.8,10.01,3.52,7.87,3.71,2.4,4.4,4.41,3.53,7.16,2.64,57.76,4.41,28,17,61,NOT_12EARLY,0.001261516,5,1,818.8157,1104.3656,1362.6032,1473.0297,1609.1489,1711.8811,NA,NA,NA,5
NOT_13EARLY,coarNOTs_7513-21,402,368,526,M,3,NOT_summer,summer_run,summer_run,NOT_summer,33.9,2.11,3.2,1.54,1.3,4.17,10.43,4.14,8.67,3.31,2.78,4.75,4.73,3.82,7.72,3.05,69.39,4.72,23,13,65,NOT_13EARLY,-0.005031247,6,2,776.0856,1031.753,1344.7826,1550.741,1633.2088,1726.0829,1811.4782,NA,NA,6
NOT_14EARLY,coarNOTs_7514-21,408,370,506,M,2,NOT_summer,summer_run,summer_run,NOT_summer,34.22,1.94,3.04,1.35,1.3,4.6,10.89,3.6,8.66,3.56,2.46,4.96,5.04,4.55,7.43,2.96,67.24,4.79,27,16,67,NOT_14EARLY,-0.011500519,6,2,787.7361,1131.2181,1408.647,1583.2377,1673.4159,1739.9971,1826.6338,NA,NA,6
NOT_15EARLY,coarNOTs_7515-21,392,357,434,F,3,NOT_summer,summer_run,summer_run,NOT_summer,33.25,1.89,2.97,1.53,1.22,3.86,10.57,4.21,8.18,3.43,2.51,4.63,4.39,3.79,7.55,2.96,60.78,4.56,NA,NA,NA,NOT_15EARLY,-0.004661439,4,1,766.9467,1065.6976,1298.9741,1504.4385,1606.0647,NA,NA,NA,NA,4
NOT_16EARLY,coarNOTs_7516-21,384,353,435,M,2,NOT_summer,summer_run,summer_run,NOT_summer,32.76,2.05,3.25,1.62,1.4,4.43,10.2,3.68,8.16,3.67,2.75,4.29,4.61,3.6,7.48,3.19,58.81,5.06,26,15,56,NOT_16EARLY,-0.005922311,5,2,747.8532,1188.2867,1452.2673,1670.6234,1768.3164,1852.8863,NA,NA,NA,5
NOT_17EARLY,coarNOTs_7517-21,375,352,524,M,3,NOT_summer,summer_run,summer_run,NOT_summer,32.01,2.02,3.25,1.36,1.35,3.74,10.25,3.94,8.14,3.52,2.56,4.15,4.09,3.63,7.35,3.16,52.59,4.87,25,15,61,NOT_17EARLY,-0.00125871,5,2,741.9536,1144.7495,1438.6575,1574.1063,1723.1301,1870.0242,NA,NA,NA,5
NOT_18EARLY,coarNOTs_7518-21,375,340,489,F,3,NOT_summer,summer_run,summer_run,NOT_summer,31.23,1.86,3.01,1.43,1.37,3.69,9.81,3.89,7.93,3.23,2.58,3.96,4.54,3.66,7.22,2.96,64.12,4.76,24,14,56,NOT_18EARLY,-0.006467013,5,1,850.1092,1211.5399,1456.8436,1567.5794,1674.2234,1789.7431,NA,NA,NA,5
NOT_19EARLY,coarNOTs_7519-21,394,362,584,F,3,NOT_summer,summer_run,summer_run,NOT_summer,33.05,2.23,3.19,1.5,1.34,4.11,10.61,4.13,7.87,3.6,2.49,4.53,4.61,3.93,7.6,3.13,65.34,5.07,25,13,56,NOT_19EARLY,-0.014439665,6,1,746.9073,922.7288,1121.6976,1312.0382,1436.5836,1517.2723,1635.401,NA,NA,6
NOT_20EARLY,coarNOTs_7520-21,401,365,637,M,3,NOT_summer,summer_run,summer_run,NOT_summer,33.77,2.07,3.21,1.5,1.33,4.17,10.79,3.88,8.53,3.31,2.66,4.57,4.57,3.66,7.66,3,67.74,4.86,26,16,60,NOT_20EARLY,-0.004168158,6,1,894.6837,1272.9363,1465.9559,1762.6752,1866.0411,1983.3185,2035.7666,NA,NA,6
NOT_21EARLY,coarNOTs_7521-21,467,427,1000,M,3,NOT_summer,summer_run,summer_run,NOT_summer,39.13,2.31,3.53,1.83,1.34,4.89,13.01,4.11,9.79,4.41,2.99,5.38,5.52,5.03,8.92,3.62,57.49,5.45,27,15,65,NOT_21EARLY,-0.013564171,8,1,756.0417,1031.6146,1266.6842,1410.7944,1524.8782,1660.3025,1715.1342,1776.1582,1834.133,8
NOT_22EARLY,coarNOTs_7522-21,375,346,496,F,3,NOT_summer,summer_run,summer_run,NOT_summer,31.76,1.87,3.01,1.43,1.27,4.14,9.86,3.32,8.16,3.22,2.49,4.57,4.06,4.23,7.09,2.93,70.28,4.79,27,16,63,NOT_22EARLY,-0.003415758,5,1,812.6973,1170.3077,1430.5513,1565.9509,1663.8497,1784.9548,NA,NA,NA,5
NOT_23EARLY,coarNOTs_7523-21,429,386,752,F,3,NOT_summer,summer_run,summer_run,NOT_summer,36.1,1.98,2.94,1.25,1.27,4.07,11.78,4.44,8.97,3.65,2.71,5.34,4.42,4.52,8.11,3.18,72.29,4.02,26,16,52,NOT_23EARLY,-0.004465243,7,2,747.1852,1039.2566,1315.096,1542.0157,1644.4966,1726.3764,1811.4883,1843.4634,NA,7
NOT_24EARLY,coarNOTs_7524-21,425,392,879,F,3,NOT_summer,summer_run,summer_run,NOT_summer,36.27,1.99,3.12,1.59,1.19,4.22,12.4,4.39,9.16,4.08,2.83,4.93,5.17,3.85,8.89,3.25,60.81,5.33,28,16,57,NOT_24EARLY,0.000408,6,2,646.0827,884.0279,1097.4517,1350.1826,1489.3224,1613.1917,1735.596,NA,NA,6
NOT_25EARLY,coarNOTs_7525-21,379,348,580,F,3,NOT_summer,summer_run,summer_run,NOT_summer,32.1,1.84,2.87,1.33,1.11,4.14,10.3,3.95,7.88,3.49,2.56,4.48,4.68,3.8,7.64,2.95,60.34,4.66,26,15,52,NOT_25EARLY,0.000103,4,1,559.2848,998.9054,1213.6644,1408.2921,1573.9476,NA,NA,NA,NA,4
NOT_26EARLY,coarNOTs_7526-21,422,382,699,F,3,NOT_summer,summer_run,summer_run,NOT_summer,35.99,2.19,3.28,1.62,1.32,4.07,11.79,4.28,8.32,4.02,2.6,4.85,4.45,4.05,7.79,3.21,63.89,5.01,28,16,63,NOT_26EARLY,-0.006563491,4,1,831.876,1213.1955,1438.1029,1530.381,1638.8512,NA,NA,NA,NA,4
NOT_27EARLY,coarNOTs_7527-21,405,373,688,M,3,NOT_summer,summer_run,summer_run,NOT_summer,35.4,2.12,3.47,1.69,1.41,4.22,11.47,4.29,8.55,3.85,2.76,4.62,5.38,3.81,7.88,3.33,54.31,5.16,24,15,59,NOT_27EARLY,-0.013079582,5,1,673.3911,1023.3785,1244.5658,1407.3221,1529.7531,1600.3408,NA,NA,NA,5
NOT_28EARLY,coarNOTs_7528-21,393,359,571,F,3,NOT_summer,summer_run,summer_run,NOT_summer,32.45,2.06,3.11,1.45,1.31,3.82,10.42,3.86,8.24,3.21,2.46,4.76,4.68,4.22,7.34,3.2,50.29,4.47,26,14,65,NOT_28EARLY,-0.009538706,6,1,612.602,1028.8485,1184.9363,1303.5988,1381.5862,1453.6138,1555.8726,NA,NA,6
NOT_29EARLY,coarNOTs_7529-21,386,354,568,M,3,NOT_summer,summer_run,summer_run,NOT_summer,32.65,1.6,2.8,1.23,1.36,4.05,10.55,3.9,7.88,3.53,2.53,4.58,4.48,4.27,7.39,2.83,66.13,4.67,25,15,57,NOT_29EARLY,-0.011727948,5,1,829.5955,1174.552,1370.4916,1497.2997,1612.8781,1714.3894,NA,NA,NA,5
NOT_30EARLY,coarNOTs_7530-21,366,336,502,M,3,NOT_summer,summer_run,summer_run,NOT_summer,30.99,1.92,3.07,1.47,1.28,3.72,9.84,3.6,8.27,3.18,2.77,4.01,4.55,3.41,7.57,3.03,66.26,4.69,26,16,55,NOT_30EARLY,-1.82E-05,5,2,613.5698,829.8088,1145.6202,1362.4088,1563.1816,1622.3395,NA,NA,NA,5
NOT_31EARLY,coarNOTs_7531-21,397,364,566,M,3,NOT_summer,summer_run,summer_run,NOT_summer,33.74,2.44,3.38,1.72,1.43,4.34,10.47,3.95,8.54,3.33,2.64,4.44,5.14,4.06,7.43,3.24,58.04,5.07,27,16,61,NOT_31EARLY,-0.005706298,5,1,798.0367,1093.3226,1312.2618,1522.7031,1609.3108,1703.8211,NA,NA,NA,5
NOT_32EARLY,coarNOTs_7532-21,377,343,501,F,3,NOT_summer,summer_run,summer_run,NOT_summer,31.64,1.84,2.94,1.26,1.28,3.68,10.23,3.57,7.84,3.14,2.52,4.44,4.6,3.78,6.89,2.79,57.95,4.48,26,16,65,NOT_32EARLY,-0.005685838,5,1,809.4215,1283.6787,1480.5314,1567.8209,1645.779,1747.2903,NA,NA,NA,5
NOT_33EARLY,coarNOTs_7533-21,384,353,554,F,4,NOT_summer,summer_run,summer_run,NOT_summer,32.62,2.21,3.26,1.57,1.18,4.17,9.78,4.33,7.6,4.05,2.69,4.64,3.85,3.69,7.27,2.89,63.34,4.65,26,15,58,NOT_33EARLY,0.006375742,5,1,718.0452,1098.6767,1371.4856,1490.5076,1609.1064,1700.6693,NA,NA,NA,5
NOT_34EARLY,coarNOTs_7534-21,412,375,750,F,3,NOT_summer,summer_run,summer_run,NOT_summer,34.4,1.95,2.98,1.57,1.27,4.13,11.1,3.99,9.47,3.45,2.68,4.42,5.1,3.52,8.33,2.97,75.08,5.03,24,14,59,NOT_34EARLY,-0.014362001,6,3,711.7371,961.8627,1091.5265,1258.9569,1391.7505,1478.8359,1600.9106,NA,NA,6
NOT_35EARLY,coarNOTs_7535-21,403,369,654,R,3,NOT_summer,summer_run,summer_run,NOT_summer,34.1,2.24,3.29,1.67,1.39,4.12,11.09,4,8.11,3.65,2.5,4.45,4.79,4.08,7.39,3.17,44.96,4.9,27,15,60,NOT_35EARLY,-0.01660669,6,1,648.8309,1020.5197,1216.7344,1429.9714,1552.1819,1660.2017,1768.1735,NA,NA,6
NOT_36EARLY,coarNOTs_7536-21,411,376,661,F,3,NOT_summer,summer_run,summer_run,NOT_summer,33.99,2.06,3.17,1.34,1.29,3.98,11.65,3.68,8.5,3.5,2.79,4.7,4.93,4.19,7.5,3.25,63.55,4.42,26,15,62,NOT_36EARLY,-0.015957601,5,1,869.7424,1182.9104,1454.6297,1594.2103,1689.6979,1807.1035,NA,NA,NA,5
NOT_37EARLY,coarNOTs_7537-21,371,338,476,M,3,NOT_summer,summer_run,summer_run,NOT_summer,30.99,2.1,3.39,1.44,1.32,4.18,9.37,3.63,7.86,3.33,2.46,4.08,4.7,3.01,7.23,3.25,70.01,4.51,27,16,65,NOT_37EARLY,-0.003534961,5,1,888.0124,1193.2883,1502.9742,1628.7205,1748.2904,1812.4761,NA,NA,NA,5
NOT_38EARLY,coarNOTs_7538-21,368,338,447,M,3,NOT_summer,summer_run,summer_run,NOT_summer,30.73,1.98,3.05,1.46,1.2,4.03,9.32,3.56,7.7,3.18,2.32,4.23,4.38,3.26,6.79,2.96,69.49,4.62,25,15,61,NOT_38EARLY,-0.005779048,5,1,695.9282,1082.373,1337.6293,1471.9528,1580.0111,1671.3062,NA,NA,NA,5
NOT_39EARLY,coarNOTs_7539-21,413,374,723,F,3,NOT_summer,summer_run,summer_run,NOT_summer,34.25,2.19,3.38,1.64,1.2,4.47,10.72,4.39,8.85,3.81,2.88,4.13,4.66,4.19,8.16,3.35,62.9,4.95,27,16,62,NOT_39EARLY,-0.003881928,5,2,699.3832,1081.5124,1294.1649,1378.146,1473.78,1566.3723,NA,NA,NA,5
NOT_40EARLY,coarNOTs_7540-21,391,359,581,M,3,NOT_summer,summer_run,summer_run,NOT_summer,34.02,1.7,2.82,1.4,1.15,4.77,10.17,4.05,8.4,3.83,2.55,4.72,4.29,3.69,7.71,3.04,62.88,4.35,27,16,51,NOT_40EARLY,-0.002499919,NA,NA,NA,NA,NA,NA,NA,NA,NA,NA,NA,5
NOT_41EARLY,coarNOTs_7541-21,355,326,437,M,3,NOT_summer,summer_run,summer_run,NOT_summer,30.23,1.84,2.85,1.28,1.24,3.39,9.36,3.81,7.51,3.25,2.33,4.67,3.98,3.73,6.82,2.9,56.24,4.33,24,13,59,NOT_41EARLY,0.013497198,4,2,863.6066,1215.2938,1368.0706,1528.1732,1630.7966,NA,NA,NA,NA,4
NOT_42EARLY,coarNOTs_7542-21,394,368,591,M,3,NOT_summer,summer_run,summer_run,NOT_summer,33.59,2.09,3.37,1.6,1.3,4,10.77,4.04,8.54,3.56,2.4,4.59,4.72,3.86,7.48,3.22,69.39,4.67,26,15,58,NOT_42EARLY,-0.004347808,5,1,380.9303,938.8503,1109.3864,1228.546,1355.2975,1468.2276,NA,NA,NA,5
NOT_43EARLY,coarNOTs_7543-21,347,318,394,F,3,NOT_summer,summer_run,summer_run,NOT_summer,29.49,1.97,3.02,1.45,1.31,3.51,9.6,3.05,7.27,3.03,2.31,3.97,3.58,3.57,6.75,2.87,67.77,4.74,26,15,52,NOT_43EARLY,-0.000425,5,1,750.5328,1157.8452,1330.9169,1437.8464,1554.579,1602.4554,NA,NA,NA,5
NOT_44EARLY,coarNOTs_7544-21,355,324,410,M,3,NOT_summer,summer_run,summer_run,NOT_summer,29.2,1.76,2.89,1.28,1.28,3.53,8.99,3.65,7.38,3.31,2.42,4.02,4.43,4.25,6.78,2.71,63.64,4.23,26,16,55,NOT_44EARLY,0.003966983,5,1,776.2976,1076.2286,1270.8894,1400.1715,1492.0085,1596.4977,NA,NA,NA,5
NOT_45EARLY,coarNOTs_7545-21,374,339,499,M,3,NOT_summer,summer_run,summer_run,NOT_summer,31.19,1.83,2.94,1.34,1.29,3.67,10.06,3.87,7.84,3.41,2.21,4.01,4.44,4.26,7.31,2.87,60.92,4.35,23,15,56,NOT_45EARLY,-0.002883174,5,1,707.3284,1014.7667,1278.7284,1410.298,1537.857,1650.3453,NA,NA,NA,5
NOT_46EARLY,coarNOTs_7546-21,392,367,602,M,3,NOT_summer,summer_run,summer_run,NOT_summer,34.4,2.08,3.09,1.44,1.22,4.17,10.94,4.07,8.6,3.34,2.66,4.85,4.36,3.65,7.42,2.98,65.94,4.71,NA,NA,NA,NOT_46EARLY,-0.008105559,5,1,666.1579,988.4234,1233.9833,1361.5423,1465.021,1577.0476,NA,NA,NA,5
NOT_47EARLY,coarNOTs_7547-21,380,345,531,M,3,NOT_summer,summer_run,summer_run,NOT_summer,31.78,1.91,3.11,1.26,1.27,3.78,10.29,3.84,8.21,3.28,2.6,4.47,4.21,3.98,7.52,2.98,72.26,4.9,26,16,56,NOT_47EARLY,0.000697,5,1,677.5953,981.522,1244.7913,1371.6082,1475.557,1596.6763,NA,NA,NA,5
NOT_48EARLY,coarNOTs_7548-21,365,337,499,M,3,NOT_summer,summer_run,summer_run,NOT_summer,31.58,1.85,3.04,1.16,1.44,3.56,10.62,3.12,7.95,3.23,2.45,4.6,4.9,4.11,7.06,3.05,52.2,4.45,26,16,64,NOT_48EARLY,-0.007754467,NA,NA,NA,NA,NA,NA,NA,NA,NA,NA,NA,5
NOT_49EARLY,coarNOTs_7549-21,373,338,525,M,3,NOT_summer,summer_run,summer_run,NOT_summer,30.07,1.57,2.49,0.98,0.99,3.16,10.27,3.45,7.88,3.25,2.57,3.92,4.61,4.19,6.8,2.73,76.52,4,26,14,54,NOT_49EARLY,-0.004908884,5,1,636.7502,1003.7126,1224.6184,1339.2983,1432.7492,1514.4898,NA,NA,NA,5
NOT_50EARLY,coarNOTs_7550-21,395,359,612,F,3,NOT_summer,summer_run,summer_run,NOT_summer,32.98,1.9,3.06,1.55,1.18,4.1,10.45,4.26,8.4,3.46,2.7,4.75,4.31,4.02,7.71,3.04,74.13,4.69,27,15,60,NOT_50EARLY,0.007280136,5,2,NA,NA,NA,NA,NA,NA,NA,NA,NA,5
NOT_51EARLY,coarNOTs_7551-21,409,364,656,M,3,NOT_summer,summer_run,summer_run,NOT_summer,33.38,2.06,3.12,1.53,1.25,4.03,10.42,4.49,8.31,3.7,2.71,4.26,5.06,3.93,7.75,3.25,63.2,4.74,26,16,58,NOT_51EARLY,-0.006430645,NA,NA,NA,NA,NA,NA,NA,NA,NA,NA,NA,6
NOT_52EARLY,coarNOTs_7552-21,400,366,668,M,3,NOT_summer,summer_run,summer_run,NOT_summer,33.4,2.08,3.2,1.46,1.35,3.98,10.56,4.49,8.19,3.55,2.74,4.57,4.77,3.9,7.85,3.28,59.57,4.7,25,16,56,NOT_52EARLY,-0.003386181,5,2,888.5348,1241.5761,1440.5881,1564.2246,1689.6022,1828.2347,NA,NA,NA,5
NOT_53EARLY,coarNOTs_7553-21,420,381,717,F,3,NOT_summer,summer_run,summer_run,NOT_summer,35.35,2.3,3.29,1.63,1.37,4.43,11.48,4.41,9.21,3.51,3.04,4.49,4.92,4.19,8.5,3.25,64.28,5.03,29,13,66,NOT_53EARLY,-0.012228081,6,1,864.1698,1113.1024,1322.184,1477.1045,1537.5614,1636.7725,1707.5803,NA,NA,6
NOT_54EARLY,coarNOTs_7554-21,391,354,540,F,3,NOT_summer,summer_run,summer_run,NOT_summer,32.13,2.12,3.2,1.53,1.39,4.15,9.83,3.88,8.4,3.19,2.55,4.13,4.75,3.74,7.49,3.03,62.64,4.58,26,16,62,NOT_54EARLY,-0.006529861,5,1,773.626,1082.9311,1302.1544,1430.4108,1507.2324,1631.3044,NA,NA,NA,5
NOT_55EARLY,coarNOTs_7555-21,401,369,540,M,3,NOT_summer,summer_run,summer_run,NOT_summer,33.64,2,3.16,1.38,1.61,4.11,10.15,4.15,8.39,3.6,2.66,4.23,4.79,4.23,6.8,3.11,58.23,4.85,25,15,65,NOT_55EARLY,-0.006510529,6,1,807.7723,1077.9143,1224.4396,1418.6632,1516.0123,1604.8574,1708.0121,NA,NA,6
NOT_56EARLY,coarNOTs_7556-21,375,345,511,M,3,NOT_summer,summer_run,summer_run,NOT_summer,31.96,1.87,2.94,1.44,1.35,3.52,10.15,3.55,8.22,3.26,2.54,4.63,4.62,3.95,6.96,2.97,66.44,4.61,27,17,61,NOT_56EARLY,-0.018219351,NA,NA,NA,NA,NA,NA,NA,NA,NA,NA,NA,5
NOT_57EARLY,coarNOTs_7557-21,392,364,512,M,3,NOT_summer,summer_run,summer_run,NOT_summer,30.58,1.73,2.94,1.29,1.18,3.77,10,3.89,7.55,3.32,2.38,3.87,4.26,4.09,7.14,2.81,65.93,4.6,25,16,56,NOT_57EARLY,-0.00778882,5,1,810.0488,1184.5204,1456.8676,1558.669,1664.9074,1767.2068,NA,NA,NA,5
NOT_58EARLY,coarNOTs_7558-21,374,341,459,M,3,NOT_summer,summer_run,summer_run,NOT_summer,30.54,2.01,3.11,1.6,1.17,3.92,9.83,3.42,7.43,3.47,2.27,4.2,4.61,4.05,7.03,2.97,48.57,4.53,28,17,56,NOT_58EARLY,-0.010727484,7,2,944.0274,1269.4954,1390.897,1483.5453,1567.5264,1622.5589,1672.9887,1719.1671,NA,7
NOT_59EARLY,coarNOTs_7559-21,397,361,563,F,3,NOT_summer,summer_run,summer_run,NOT_summer,32.96,1.91,3.03,1.63,1.33,3.73,10.42,4.23,8.17,3.13,2.61,4.35,4.65,4.06,7.66,3.09,57.87,4.82,26,14,57,NOT_59EARLY,-0.010480899,6,1,785.0514,1135.5363,1309.957,1483.5135,1555.6561,1624.8488,1685.3572,NA,NA,6
NOT_60EARLY,coarNOTs_7560-21,381,350,597,F,3,NOT_summer,summer_run,summer_run,NOT_summer,33.08,2.37,3.31,1.97,1.44,3.9,10.13,3.57,9.11,3.12,2.58,4.37,4.49,4,7.92,3.02,45.58,5.5,26,15,45,NOT_60EARLY,0.002527624,4,2,758.1391,1293.6739,1443.3372,1586.7207,1663.9659,NA,NA,NA,NA,4
NOT_61EARLY,coarNOTs_7561-21,372,342,465,M,3,NOT_summer,summer_run,summer_run,NOT_summer,31.65,1.79,3.06,1.34,1.2,3.73,10.6,3.39,7.99,3.27,2.49,4.04,4.48,4.3,7.33,3.12,62.77,4.79,25,15,55,NOT_61EARLY,-0.013756012,4,1,732.3403,1065.6427,1308.245,1476.8791,1642.4156,NA,NA,NA,NA,4
NOT_62EARLY,coarNOTs_7562-21,402,371,644,M,3,NOT_summer,summer_run,summer_run,NOT_summer,33.79,2.23,3.34,1.46,1.43,4.13,10.62,4.19,8.17,3.52,2.69,4.55,5.21,4.39,7.9,3.11,68.22,4.61,26,15,60,NOT_62EARLY,-0.008759483,5,2,1038.6171,1431.2738,1667.636,1793.9011,1909.523,2001.9603,NA,NA,NA,5
NOT_63EARLY,coarNOTs_7563-21,417,384,774,M,3,NOT_summer,summer_run,summer_run,NOT_summer,35.5,2.24,3.33,1.48,1.44,4.59,11.4,3.96,9.1,3.71,2.89,5.1,4.53,4.36,8.59,3.51,51.41,5.51,27,16,66,NOT_63EARLY,-0.004598841,5,2,763.3738,1112.4263,1399.5436,1519.1136,1660.6735,1825.9006,NA,NA,NA,5
NOT_64EARLY,coarNOTs_7564-21,345,315,366,F,3,NOT_summer,summer_run,summer_run,NOT_summer,26.91,1.7,2.64,1.28,1.29,3.28,8.48,3.44,7.54,2.93,2.39,3.99,3.96,3.54,6.28,2.54,54,4.48,28,16,62,NOT_64EARLY,0.014155356,5,1,466.0498,842.3367,1010.5273,1046.1574,1139.7746,1234.8757,NA,NA,NA,5
NOT_65EARLY,coarNOTs_7565-21,395,362,596,M,3,NOT_summer,summer_run,summer_run,NOT_summer,33.17,2.09,3.35,1.45,1.55,4.15,10.83,3.34,8.34,3.21,2.69,4.78,4.18,3.85,7.38,3.16,68.82,4.74,26,15,51,NOT_65EARLY,-0.008533308,5,2,847.0238,1266.4971,1457.4232,1564.0612,1617.351,1671.8722,NA,NA,NA,5
NOT_66EARLY,coarNOTs_7566-21,401,362,596,M,3,NOT_summer,summer_run,summer_run,NOT_summer,33.2,2.29,3.24,1.61,1.25,3.99,10.65,4.32,8.87,3.33,2.81,4.2,5.05,4.37,7.95,3.33,46.8,4.91,25,16,62,NOT_66EARLY,-0.004340415,6,1,734.9972,1192.7529,1405.3334,1595.7549,1694.5043,1777.4014,1837.9317,NA,NA,6
NOT_67EARLY,coarNOTs_7567-21,377,346,511,F,3,NOT_summer,summer_run,summer_run,NOT_summer,31.62,1.76,2.88,1.4,1.14,3.93,9.88,3.8,7.91,3.23,2.63,4.4,4.6,4.03,7.26,3.08,67.08,4.64,26,15,55,NOT_67EARLY,-0.005988938,5,1,839.5188,1253.531,1473.6114,1594.9486,1718.2857,1825.2482,NA,NA,NA,5
NOT_68EARLY,coarNOTs_7568-21,392,361,585,F,3,NOT_summer,summer_run,summer_run,NOT_summer,32.97,2.05,3.18,1.47,1.38,4,10.58,3.73,8.55,3.63,2.68,4.21,4.74,4.64,7.5,3.15,56.19,5.17,23,16,55,NOT_68EARLY,-0.012667421,5,1,789.0773,1093.2495,1326.5902,1462.3499,1574.7275,1695.8468,NA,NA,NA,5
RUP_1,coarRUPs_7601-21,335,306,350,F,4,RUP,fall_run,fall_run,RUP,27.4,1.94,2.68,1.43,1.24,3.41,8.31,3.05,7.27,2.72,2.19,3.63,3.75,3.49,6.59,2.61,55.56,4.33,26,15,53,RUP_1,0.00273761,5,3,NA,NA,NA,NA,NA,NA,NA,NA,NA,5
RUP_2,coarRUPs_7602-21,359,330,446,F,4,RUP,fall_run,fall_run,RUP,29,1.79,2.75,1.21,1.23,3.47,9.3,3.49,7.23,3.11,2.34,4.03,3.9,3.63,7.51,2.78,80.07,4.26,29,17,49,RUP_2,-0.00211615,NA,NA,NA,NA,NA,NA,NA,NA,NA,NA,NA,6
RUP_3,coarRUPs_7603-21,345,314,373,M,4,RUP,fall_run,fall_run,RUP,27.91,1.88,2.86,1.24,1.21,3.41,8.5,3.21,7.03,2.78,2.23,4.23,3.97,3.14,6.44,2.91,68.5,4.01,28,16,60,RUP_3,0.009548487,NA,NA,NA,NA,NA,NA,NA,NA,NA,NA,NA,5
RUP_4,coarRUPs_7604-21,334,305,370,F,4,RUP,fall_run,fall_run,RUP,27.09,1.8,2.67,1.23,1.17,3.14,8.99,3.18,6.93,2.83,1.91,3.5,3.66,3.12,6.66,2.62,57.98,3.78,29,17,57,RUP_4,-0.004567603,NA,NA,NA,NA,NA,NA,NA,NA,NA,NA,NA,5
RUP_5,coarRUPs_7605-21,366,330,364,F,4,RUP,fall_run,fall_run,RUP,28.81,1.98,2.83,1.43,1.29,3.34,8.62,3.62,7.58,2.98,2.37,4.12,4.39,3.58,7.31,2.66,64.4,4.27,26,15,60,RUP_5,0.013815503,NA,NA,NA,NA,NA,NA,NA,NA,NA,NA,NA,5
RUP_6,coarRUPs_7606-21,327,365,462,F,4,RUP,fall_run,fall_run,RUP,28.72,1.95,2.79,1.16,1.32,3.15,9.55,2.94,7.16,2.64,2.3,4.2,4.45,3.81,7.15,2.88,57.9,4.09,NA,NA,NA,RUP_6,0.000525,NA,NA,NA,NA,NA,NA,NA,NA,NA,NA,NA,6
RUP_7,coarRUPs_7607-21,318,350,419,F,4,RUP,fall_run,fall_run,RUP,27.83,1.79,2.65,1.19,1.16,3.32,8.59,3.24,7.2,2.66,2.22,3.95,3.91,3.6,6.74,2.78,49.08,4.13,27,16,52,RUP_7,0.006348065,NA,NA,NA,NA,NA,NA,NA,NA,NA,NA,NA,6
RUP_8,coarRUPs_7608-21,307,335,385,M,4,RUP,fall_run,fall_run,RUP,27.25,1.71,2.59,1.19,1.1,3.53,8.41,3.31,6.97,2.62,2.14,4.26,3.94,4.28,6.94,2.63,68.62,4.14,29,17,NA,RUP_8,0.004516779,NA,NA,NA,NA,NA,NA,NA,NA,NA,NA,NA,5
RUP_9,coarRUPs_7609-21,297,330,345,M,4,RUP,fall_run,fall_run,RUP,26.37,1.87,2.57,1.25,1.18,3.14,7.7,3.06,7.01,2.95,2.16,3.83,3.74,3.4,6.11,2.62,59.33,4.4,29,17,54,RUP_9,0.022142686,5,1,746.0572,1193.173,1394.7947,1533.7262,1659.953,1726.4551,NA,NA,NA,5
RUP_10,coarRUPs_7610-21,332,304,305,M,4,RUP,fall_run,fall_run,RUP,27.78,1.79,2.68,1.28,1.23,3.29,7.99,3.12,6.86,2.73,2.01,4.14,3.44,3.38,5.87,2.74,48.61,4.05,25,15,52,RUP_10,0.013457838,NA,NA,NA,NA,NA,NA,NA,NA,NA,NA,NA,4
RUP_11,coarRUPs_7611-21,357,327,409,F,4,RUP,fall_run,fall_run,RUP,29.16,1.71,2.51,1.29,1.25,3.22,8.98,3.42,7.22,2.89,2.14,4.21,3.95,3.48,7.03,2.49,46.23,4.09,28,16,46,RUP_11,0.002678521,NA,NA,NA,NA,NA,NA,NA,NA,NA,NA,NA,5
RUP_12,coarRUPs_7612-21,321,293,325,F,4,RUP,fall_run,fall_run,RUP,26.19,1.7,2.74,1.15,1.15,3.14,8.57,2.88,6.6,1.97,1.8,3.8,3.61,3.16,6.45,2.63,64.31,3.99,27,16,57,RUP_12,0.001988202,5,2,734.3242,1003.0413,1266.8738,1594.6236,1731.5981,1788.9433,NA,NA,NA,5
RUP_13,coarRUPs_7613-21,326,295,321,F,4,RUP,fall_run,fall_run,RUP,26.5,1.87,2.74,1.29,1.25,3.27,7.93,3.59,6.4,2.97,2.13,3.5,4.13,3.79,6.33,2.75,64.53,4.13,29,17,47,RUP_13,8.38E-05,4,1,750.3779,1042.7552,1264.1347,1444.9497,1536.9914,NA,NA,NA,NA,4
RUP_14,coarRUPs_7614-21,346,315,400,F,4,RUP,fall_run,fall_run,RUP,26.44,1.93,2.93,1.42,1.25,3.27,9.04,3.1,7.45,2.7,2.16,4.07,3.76,3.49,6.83,2.96,61.44,4.23,29,16,46,RUP_14,0.001809761,5,1,812.1769,1168.3781,1390.3996,1594.6239,1748.9518,1827.6801,NA,NA,NA,5
RUP_15,coarRUPs_7615-21,302,275,272,M,4,RUP,fall_run,fall_run,RUP,24.85,1.61,2.39,1.21,1.14,2.88,7.54,2.63,6.49,2.1,1.98,4.09,2.75,3.08,5.48,2.42,66.37,3.93,26,16,50,RUP_15,0.016373446,NA,NA,NA,NA,NA,NA,NA,NA,NA,NA,NA,4
RUP_16,coarRUPs_7616-21,327,294,309,F,3,RUP,fall_run,fall_run,RUP,26.62,1.92,2.68,1.42,1.21,3.14,7.94,3.18,6.41,2.77,2.11,3.88,3.72,3.33,5.8,2.63,59.44,4.19,28,16,59,RUP_16,0.011135474,NA,NA,NA,NA,NA,NA,NA,NA,NA,NA,NA,4
RUP_17,coarRUPs_7617-21,336,305,394,F,4,RUP,fall_run,fall_run,RUP,27.48,1.85,2.72,1.32,1.15,3.34,9.06,3.01,7.32,2.36,2.02,4.02,3.66,3.28,6.94,2.86,58.86,4.36,28,15,49,RUP_17,0.005594763,NA,NA,NA,NA,NA,NA,NA,NA,NA,NA,NA,5
RUP_18,coarRUPs_7618-21,321,293,333,M,4,RUP,fall_run,fall_run,RUP,26.67,1.86,2.82,1.31,1.17,3.35,8.56,2.85,6.78,2.59,2.11,3.96,4.04,3.52,6.42,2.77,68.18,4.21,28,17,51,RUP_18,0.00170001,4,1,787.3837,1160.7124,1348.3673,1495.7325,1625.3963,NA,NA,NA,NA,4
RUP_19,coarRUPs_7619-21,315,284,315,F,3,RUP,fall_run,fall_run,RUP,25.38,1.69,2.37,1.27,1.12,2.97,7.74,3.16,6.61,2.33,1.72,3.27,3.65,2.85,6.2,2.46,58.12,3.84,29,16,51,RUP_19,0.004164227,5,2,717.9008,1004.5171,1170.2477,1393.5631,1532.3078,1597.1357,NA,NA,NA,5
RUP_20,coarRUPs_7620-21,345,310,409,F,3,RUP,fall_run,fall_run,RUP,27.91,1.86,2.85,1.31,1.23,3.3,8.76,3.02,7.21,2.87,2.15,4.19,3.73,3.02,6.69,2.76,71.83,4.27,28,16,58,RUP_20,0.007245408,NA,NA,NA,NA,NA,NA,NA,NA,NA,NA,NA,6
RUP_21,coarRUPs_7621-21,370,332,475,F,4,RUP,fall_run,fall_run,RUP,30.37,2.01,2.94,1.49,1.32,3.53,9.37,3.19,7.96,2.87,2.27,4.52,4.05,3.4,7.46,2.81,65.15,4.46,28,16,59,RUP_21,0.009437265,NA,NA,NA,NA,NA,NA,NA,NA,NA,NA,NA,5
RUP_22,coarRUPs_7622-21,340,306,372,F,4,RUP,fall_run,fall_run,RUP,27.6,1.57,2.5,1.32,1.04,3.25,8.42,3.36,6.58,2.75,2.09,4.21,3.93,3.35,6.51,2.64,62.68,4.07,28,15,NA,RUP_22,0.010920563,NA,NA,NA,NA,NA,NA,NA,NA,NA,NA,NA,5
RUP_23,coarRUPs_7623-21,330,304,337,M,4,RUP,fall_run,fall_run,RUP,26.69,1.77,2.69,1.31,1.22,3.2,8.06,3.44,6.37,2.99,1.96,3.42,3.91,3.19,5.89,2.61,64.27,3.69,27,17,55,RUP_23,-0.003179761,NA,NA,NA,NA,NA,NA,NA,NA,NA,NA,NA,5
RUP_24,coarRUPs_7624-21,370,335,481,F,5,RUP,fall_run,fall_run,RUP,29.83,1.93,2.94,1.41,1.18,3.63,9.49,3.54,7.65,2.66,2.27,3.83,4.18,3.25,7.01,3.05,51.2,4.57,29,16,45,RUP_24,-0.007411836,5,1,773.6851,1145.0445,1438.4044,1581.3781,1691.9766,1747.3894,NA,NA,NA,5
RUP_25,coarRUPs_7625-21,344,310,345,M,4,RUP,fall_run,fall_run,RUP,27.74,1.68,2.67,1.29,1.15,3.17,8.15,3.39,7.22,2.77,2.17,3.9,4.27,3.44,6.46,2.62,65.13,3.98,28,17,51,RUP_25,0.011500165,NA,NA,NA,NA,NA,NA,NA,NA,NA,NA,NA,5
RUP_26,coarRUPs_7626-21,322,292,311,M,4,RUP,fall_run,fall_run,RUP,26.22,1.85,2.73,1.38,1.16,3.45,7.9,3.25,6.99,2.69,2.18,3.29,3.86,3.12,6.08,2.55,64.52,4.06,26,16,55,RUP_26,-0.004166104,4,1,840.2115,1212.7087,1422.1472,1597.5819,1645.1325,NA,NA,NA,NA,4
RUP_27,coarRUPs_7627-21,351,321,450,F,4,RUP,fall_run,fall_run,RUP,28.87,2.02,3.11,1.52,1.3,3.51,9.21,3.6,7.04,2.95,2.34,3.67,3.92,3.41,7.18,2.98,52.39,4.25,28,16,51,RUP_27,-0.00920059,NA,NA,NA,NA,NA,NA,NA,NA,NA,NA,NA,7
RUP_28,coarRUPs_7628-21,345,311,393,F,4,RUP,fall_run,fall_run,RUP,28.29,2.02,3.07,1.57,1.39,3.42,8.9,3.19,7.34,2.51,2.3,3.74,3.62,3.04,6.8,3.1,58.13,4.42,26,16,55,RUP_28,-0.007023383,NA,NA,NA,NA,NA,NA,NA,NA,NA,NA,NA,5
RUP_29,coarRUPs_7629-21,320,280,319,M,4,RUP,fall_run,fall_run,RUP,26.37,1.58,2.44,1.23,1.12,3.03,8.4,3.34,6.82,2.43,2.09,3.55,4.14,3.46,5.99,2.37,62.2,3.82,29,17,47,RUP_29,-0.005736225,NA,NA,NA,NA,NA,NA,NA,NA,NA,NA,NA,4
RUP_30,coarRUPs_7630-21,361,325,439,M,4,RUP,fall_run,fall_run,RUP,29.1,2.21,3.1,1.47,1.3,3.53,8.96,3.44,7.72,2.83,2.19,4.19,4.57,3.33,6.86,3.02,56.97,4.17,27,15,56,RUP_30,0.000949,5,1,786.2369,1097.6068,1373.7983,1514.3959,1645.6594,1759.2337,NA,NA,NA,5
RUP_31,coarRUPs_7631-21,345,312,405,F,5,RUP,fall_run,fall_run,RUP,27.77,1.67,2.61,1.33,1.17,3.24,8.62,3.14,7.06,3.19,2.27,3.95,4.19,3.73,7.12,2.68,68.91,4.24,27,16,55,RUP_31,0.006891713,NA,NA,NA,NA,NA,NA,NA,NA,NA,NA,NA,4
RUP_32,coarRUPs_7632-21,361,329,500,F,5,RUP,fall_run,fall_run,RUP,31.63,2.06,3.24,1.58,1.43,3.68,10.33,3.68,8.32,2.79,2.46,4.14,4.32,3.9,8.32,3.11,67.69,4.61,28,15,52,RUP_32,-0.008117449,NA,NA,NA,NA,NA,NA,NA,NA,NA,NA,NA,5
RUP_33,coarRUPs_7633-21,395,358,502,F,4,RUP,fall_run,fall_run,RUP,32.47,2.12,3.32,1.56,1.34,4.16,10.06,3.82,8.23,3.37,2.47,4.44,4.29,4.33,8.04,3.24,62.74,5.1,29,18,61,RUP_33,-0.00314961,NA,NA,NA,NA,NA,NA,NA,NA,NA,NA,NA,5
RUP_34,coarRUPs_7634-21,369,334,476,F,4,RUP,fall_run,fall_run,RUP,30.76,1.86,2.86,1.43,1.32,3.55,9.41,3.74,8.02,2.76,2.27,4.31,4.25,3.79,7.66,2.84,47.87,4.42,27,15,50,RUP_34,0.005057639,NA,NA,NA,NA,NA,NA,NA,NA,NA,NA,NA,5
RUP_35,coarRUPs_7635-21,327,295,329,M,4,RUP,fall_run,fall_run,RUP,26.67,1.84,2.89,1.36,1.22,3.36,8,3.36,6.46,2.8,2.03,3.69,3.96,3.67,5.85,2.89,72.25,4.14,27,16,50,RUP_35,-0.006172297,6,2,687.6598,1132.7019,1422.7753,1556.443,1715.425,1809.2482,1911.9414,NA,NA,6
RUP_36,coarRUPs_7636-21,336,307,387,F,4,RUP,fall_run,fall_run,RUP,27.79,1.86,2.86,1.37,1.22,3.58,8.76,3.02,6.87,3.09,2.26,3.94,4.18,3.94,7,2.77,55.94,4.28,29,17,48,RUP_36,-0.00158393,5,2,803.786,1208.3258,1517.4863,1642.2021,1739.5153,1809.1854,NA,NA,NA,5
RUP_37,coarRUPs_7637-21,337,304,370,F,4,RUP,fall_run,fall_run,RUP,27.56,1.87,2.91,1.21,1.23,3.2,8.36,3.14,7.6,2.84,2.23,3.66,4.3,2.8,7.02,2.73,58.03,3.9,25,15,57,RUP_37,0.012279887,4,1,725.5227,1158.6125,1376.9266,1518.4867,1682.4612,NA,NA,NA,NA,4
RUP_38,coarRUPs_7638-21,362,325,434,F,4,RUP,fall_run,fall_run,RUP,29.27,2.02,3.14,1.5,1.24,3.45,9.08,3.53,7.39,3.1,2.16,3.92,4.35,3.52,6.92,2.9,58.01,4.41,30,17,65,RUP_38,0.001089933,NA,NA,NA,NA,NA,NA,NA,NA,NA,NA,NA,6
RUP_39,coarRUPs_7639-21,320,291,326,M,4,RUP,fall_run,fall_run,RUP,25.74,1.8,2.76,1.39,1.12,3.05,8.08,3.27,6.4,2.73,1.97,3.37,3.87,3.8,6.05,2.7,59.17,3.98,28,17,50,RUP_39,-0.002508222,NA,NA,NA,NA,NA,NA,NA,NA,NA,NA,NA,5
RUP_40,coarRUPs_7640-21,366,331,459,M,4,RUP,fall_run,fall_run,RUP,29.89,2.07,3,1.32,1.32,3.65,9.28,3.56,7.55,3.2,2.27,3.82,4.28,3.9,6.75,2.86,57.33,4.23,30,17,56,RUP_40,0.000146,5,1,745.5525,1054.4526,1234.337,1467.0403,1640.4731,1696.8752,NA,NA,NA,5
RUP_41,coarRUPs_7641-21,372,336,451,M,5,RUP,fall_run,fall_run,RUP,30.11,2.03,3.04,1.51,1.29,3.35,9.74,3.46,7.51,2.33,2.29,3.68,4.81,4.07,6.66,3,58.49,4.45,28,16,57,RUP_41,-0.007262696,NA,NA,NA,NA,NA,NA,NA,NA,NA,NA,NA,5
RUP_42,coarRUPs_7642-21,340,309,393,M,5,RUP,fall_run,fall_run,RUP,28.46,1.76,2.88,1.25,1.22,3.47,9.29,3.34,7.05,2.71,2.1,3.84,4.14,3.81,6.96,2.71,55.24,4.17,25,15,NA,RUP_42,-0.008501503,NA,NA,NA,NA,NA,NA,NA,NA,NA,NA,NA,4
RUP_43,coarRUPs_7643-21,335,300,319,M,4,RUP,fall_run,fall_run,RUP,27.11,1.84,2.83,1.4,1.25,3.21,8.17,3.44,7.02,2.26,1.93,3.79,3.77,3.52,6.49,2.84,65.42,4.29,28,16,51,RUP_43,0.006425542,5,1,823.1131,1170.1622,1358.2011,1585.7993,1770.9366,1879.9477,NA,NA,NA,5
RUP_44,coarRUPs_7644-21,330,299,345,F,4,RUP,fall_run,fall_run,RUP,27.01,1.81,2.74,1.41,1.12,3.32,8.54,3.28,6.89,2.74,2.22,3.86,4.23,3.59,6.03,2.7,56.89,4.09,27,14,45,RUP_44,0.004806032,NA,NA,NA,NA,NA,NA,NA,NA,NA,NA,NA,5
RUP_45,coarRUPs_7645-21,333,301,338,M,4,RUP,fall_run,fall_run,RUP,27.58,1.81,2.74,1.41,1.12,3.32,8.54,3.28,6.89,2.74,2.22,3.86,4.23,3.59,6.03,2.7,56.89,4.39,27,17,49,RUP_45,0.000823,NA,NA,NA,NA,NA,NA,NA,NA,NA,NA,NA,5
RUP_46,coarRUPs_7646-21,335,305,382,F,4,RUP,fall_run,fall_run,RUP,27.65,1.86,2.76,1.36,1.22,3.59,8.8,3.24,7.16,2.89,2.2,3.43,4.18,3.65,7.1,2.79,58.07,4.25,27,15,49,RUP_46,-0.005913333,NA,NA,NA,NA,NA,NA,NA,NA,NA,NA,NA,5
RUP_47,coarRUPs_7647-21,362,326,391,M,5,RUP,fall_run,fall_run,RUP,30.09,1.99,2.91,1.31,1.25,3.46,9.09,3.48,7.52,3.17,2.43,4.37,4.47,3.86,6.4,2.9,63.4,4.47,26,14,57,RUP_47,0.006037878,NA,NA,NA,NA,NA,NA,NA,NA,NA,NA,NA,5
RUP_48,coarRUPs_7648-21,345,312,419,F,4,RUP,fall_run,fall_run,RUP,28.22,1.85,2.92,1.41,1.18,3.38,9.03,3.15,7.29,2.73,2.25,3.63,4.03,3.58,7.2,2.95,60.3,4.19,31,17,62,RUP_48,0.000383,NA,NA,NA,NA,NA,NA,NA,NA,NA,NA,NA,5
RUP_49,coarRUPs_7649-21,350,310,460,F,5,RUP,fall_run,fall_run,RUP,26.98,1.67,2.61,1.26,1.13,3.08,8.5,4.09,7.46,3.08,2.42,3.27,4.38,4.3,7.88,2.69,53.96,4.19,NA,NA,NA,RUP_49,0.01686706,NA,NA,NA,NA,NA,NA,NA,NA,NA,NA,NA,5
RUP_50,coarRUPs_7650-21,341,306,421,F,4,RUP,fall_run,fall_run,RUP,27.41,1.76,2.82,1.35,1.13,3.42,8.52,3.44,7.2,3.07,2.31,3.9,4.14,3.71,7.24,2.95,61.42,4.53,29,16,55,RUP_50,0.007735431,NA,NA,NA,NA,NA,NA,NA,NA,NA,NA,NA,5
RUP_51,coarRUPs_7651-21,357,322,472,F,4,RUP,fall_run,fall_run,RUP,29.01,1.8,2.77,1.34,1.39,3.56,8.78,3.72,7.58,3.43,2.28,3.77,4.05,3.79,7.64,2.95,54.76,4.59,29,18,NA,RUP_51,0.013164118,NA,NA,NA,NA,NA,NA,NA,NA,NA,NA,NA,5
RUP_52,coarRUPs_7652-21,349,315,425,F,4,RUP,fall_run,fall_run,RUP,27.07,1.74,2.72,1.14,1.21,3.4,8.85,2.96,7.46,2.8,2.23,3.08,4.05,3.53,7.25,2.91,68.33,4.27,26,16,56,RUP_52,-0.003367047,NA,NA,NA,NA,NA,NA,NA,NA,NA,NA,NA,5
RUP_53,coarRUPs_7653-21,339,307,352,F,4,RUP,fall_run,fall_run,RUP,28.24,1.81,2.86,1.34,1.15,3.4,8.98,3.23,7.15,2.89,2.02,3.64,4.14,3.39,6.65,2.81,68.87,4.19,27,16,59,RUP_53,-0.00467877,NA,NA,NA,NA,NA,NA,NA,NA,NA,NA,NA,4
RUP_54,coarRUPs_7654-21,354,322,482,F,4,RUP,fall_run,fall_run,RUP,29.65,1.94,2.69,1.42,1.19,3.54,9.71,3.53,7.62,3.04,2.29,4.15,4.24,4.01,7.52,2.83,70.38,4.41,28,16,50,RUP_54,0.00130697,NA,NA,NA,NA,NA,NA,NA,NA,NA,NA,NA,5
RUP_55,coarRUPs_7655-21,336,299,360,F,4,RUP,fall_run,fall_run,RUP,26.82,1.89,2.81,1.33,1.3,3.27,8.72,3.26,6.96,2.92,2.14,3.09,4.02,3.58,6.9,2.82,68.27,4.11,27,14,57,RUP_55,-0.000272,NA,NA,NA,NA,NA,NA,NA,NA,NA,NA,NA,5
RUP_56,coarRUPs_7656-21,351,314,408,F,4,RUP,fall_run,fall_run,RUP,28.89,1.9,2.7,1.26,1.26,3.23,9.14,3.69,7.14,3.05,2.23,4,4.37,3.96,7.12,2.7,65.07,4.09,29,14,58,RUP_56,0.006456507,NA,NA,NA,NA,NA,NA,NA,NA,NA,NA,NA,5
RUP_57,coarRUPs_7657-21,350,314,378,M,4,RUP,fall_run,fall_run,RUP,28.96,1.75,2.73,1.35,1.14,3.4,8.67,3.87,7.4,3.01,2.2,4.23,4.14,3.7,6.65,2.75,67.19,4.22,29,16,55,RUP_57,0.007505751,NA,NA,NA,NA,NA,NA,NA,NA,NA,NA,NA,5
RUP_58,coarRUPs_7658-21,317,287,321,F,4,RUP,fall_run,fall_run,RUP,25.94,1.83,2.54,1.26,1.19,2.84,8.45,3.14,6.48,2.77,2.03,3.64,3.27,3.89,6.56,2.64,67.99,3.79,29,15,52,RUP_58,0.007730326,NA,NA,NA,NA,NA,NA,NA,NA,NA,NA,NA,4
RUP_59,coarRUPs_7659-21,330,296,321,F,4,RUP,fall_run,fall_run,RUP,27.25,1.6,2.65,1.2,1.06,3.06,8.16,3.17,6.99,2.9,2.06,3.64,3.81,2.67,5.97,2.8,64.79,3.96,28,14,46,RUP_59,0.013291451,NA,NA,NA,NA,NA,NA,NA,NA,NA,NA,NA,5
RUP_60,coarRUPs_7660-21,321,289,278,M,4,RUP,fall_run,fall_run,RUP,26.84,1.81,2.85,1.37,1.22,3.19,8.09,3.35,6.66,2.88,2.1,3.76,4.54,3.8,6.02,2.76,55.35,4.05,27,14,57,RUP_60,0.002366989,NA,NA,NA,NA,NA,NA,NA,NA,NA,NA,NA,4
NOT_69_LATE,coarNOTs_7701-21,329,299,359,F,4,NOT_fall,fall_run,fall_run,NOT_fall,26.9,1.89,2.82,1.29,1.32,3.33,8.29,3,6.98,2.57,2.13,3.49,4.17,3.02,6.91,2.65,69.64,4.25,26,16,52,NOT_69_LATE,0.001747842,5,2,737.0836,1097.8116,1279.4964,1570.1624,1739.0668,1829.1035,NA,NA,NA,5
NOT_70_LATE,coarNOTs_7702-21,407,367,653,F,4,NOT_fall,fall_run,fall_run,NOT_fall,33.03,1.79,2.85,1.35,1.22,3.68,10.7,4.01,8.14,3.83,2.3,4.67,4.78,4.11,7.97,2.96,75.67,4.51,27,15,55,NOT_70_LATE,0.000425,6,2,791.4236,1125.3693,1345.1371,1521.2265,1697.2683,1897.5147,1986.3269,NA,NA,6
NOT_71_LATE,coarNOTs_7703-21,337,311,344,M,3,NOT_fall,fall_run,fall_run,NOT_fall,27.08,1.84,3.01,1.5,1.31,3.45,7.77,3.53,6.81,3.29,1.95,3.58,4.18,3.37,6.35,2.83,73.52,4.47,27,15,58,NOT_71_LATE,0.013469966,4,1,788.9313,1140.8543,1362.6598,1537.0211,1578.8136,NA,NA,NA,NA,4
NOT_72_LATE,coarNOTs_7704-21,355,319,380,F,4,NOT_fall,fall_run,fall_run,NOT_fall,29.93,1.85,2.92,1.31,1,3.26,9.61,3.51,7.79,2.76,2.09,3.44,3.99,3.73,7.11,2.77,66.32,4.22,28,17,NA,NOT_72_LATE,-0.00821215,5,2,834.6295,1148.1478,1370.383,1508.8358,1550.6035,1609.8122,NA,NA,NA,5
NOT_73_LATE,coarNOTs_7705-21,411,381,395,F,5,NOT_fall,fall_run,summer_run,NOT_summer,34.61,2.38,3.36,1.73,1.23,4.23,11.18,3.96,8.68,3.24,2.69,4.62,4.72,4.64,8.05,3.33,63.45,5.12,25,16,59,NOT_73_LATE,-0.013488694,NA,NA,NA,NA,NA,NA,NA,NA,NA,NA,NA,6
NOT_74_LATE,coarNOTs_7706-21,312,285,640,F,4,NOT_fall,fall_run,fall_run,NOT_fall,25.74,1.93,2.66,1.22,1.25,3.02,8.23,2.95,6.51,2.31,1.91,3.51,3.31,3.05,6.02,2.6,65.2,3.9,26,15,48,NOT_74_LATE,-0.006957345,6,2,770.2286,1074.1566,1255.5626,1446.1952,1676.9528,1785.733,1842.5201,NA,NA,6
NOT_75_LATE,coarNOTs_7707-21,389,360,271,M,3,NOT_fall,fall_run,summer_run,NOT_summer,35.59,2.01,3.19,1.25,1.2,4.02,10.29,3.42,8.4,3.65,2.53,4.33,4.2,3.72,7.21,3.18,55.01,4.33,27,16,65,NOT_75_LATE,0.002937329,NA,NA,NA,NA,NA,NA,NA,NA,NA,NA,NA,5
NOT_76_LATE,coarNOTs_7708-21,360,327,486,F,4,NOT_fall,fall_run,fall_run,NOT_fall,29.84,2.13,3.02,1.55,1.31,3.65,9.56,3.71,7.22,2.96,2.24,3.88,4.37,4.09,7.17,2.9,54.64,4.65,29,16,52,NOT_76_LATE,-0.009334858,5,2,714.0498,1091.9457,1288.7984,1402.8438,1548.6385,1661.4426,NA,NA,NA,5
NOT_77_LATE,coarNOTs_7709-21,334,299,352,M,4,NOT_fall,fall_run,fall_run,NOT_fall,27.23,1.9,2.89,1.33,1.28,3.24,8.54,3.52,7.15,2.45,2.1,3.72,3.93,3.56,6.5,2.76,68.84,4.06,28,14,45,NOT_77_LATE,0.000834,4,1,740.2976,1031.7902,1275.0289,1480.7902,1603.4497,NA,NA,NA,NA,4
NOT_78_LATE,coarNOTs_7710-21,340,310,394,F,5,NOT_fall,fall_run,fall_run,NOT_fall,28.33,1.87,2.88,1.34,1.45,3.2,9.62,3.25,7,2.79,2.14,4.1,4.04,3.41,6.97,2.94,52.08,4.15,28,17,50,NOT_78_LATE,-0.010193418,5,1,794.4638,1157.1418,1389.0423,1580.126,1738.6336,1801.0321,NA,NA,NA,5
NOT_79_LATE,coarNOTs_7711-21,305,277,270,M,3,NOT_fall,fall_run,fall_run,NOT_fall,25.09,1.6,2.59,1.09,1,2.84,8.09,2.74,6.38,2.61,1.9,3.56,3.38,2.83,5.91,2.63,62.92,3.56,30,18,52,NOT_79_LATE,0.003816473,3,1,718.0121,1215.4855,1472.9427,1571.7348,NA,NA,NA,NA,NA,3
NOT_80_LATE,coarNOTs_7712-21,355,324,368,M,3,NOT_fall,fall_run,fall_run,NOT_fall,29,1.76,2.74,1.4,1.23,3.52,9.13,3.31,7.37,2.8,2.21,3.75,4.3,3.35,6.4,2.81,65.72,4.28,27,16,45,NOT_80_LATE,-0.004189385,4,2,653.7203,1082.4655,1253.8471,1456.0508,1556.5999,NA,NA,NA,NA,4
NOT_81_LATE,coarNOTs_7713-21,387,352,490,M,4,NOT_fall,fall_run,summer_run,NOT_summer,32.11,1.97,3.13,1.57,1.17,4.02,10.71,3.95,7.61,3.49,2.46,4.02,4.55,3.86,7.03,3.08,55.72,4.71,27,16,71,NOT_81_LATE,-0.019573268,NA,NA,NA,NA,NA,NA,NA,NA,NA,NA,NA,5
NOT_82_LATE,coarNOTs_7714-21,368,333,420,M,3,NOT_fall,fall_run,fall_run,NOT_fall,30.42,2.04,3.38,1.38,1.3,3.96,9.42,3.76,7.25,3.24,2.44,3.88,4.88,4.28,6.5,3.22,62.34,4.46,28,15,56,NOT_82_LATE,-0.013048489,6,1,830.0481,1284.2419,1658.6132,1825.6261,1987.5849,2109.542,2166.5648,NA,NA,6
NOT_83_LATE,coarNOTs_7715-21,310,280,281,M,3,NOT_fall,fall_run,fall_run,NOT_fall,25.65,1.54,2.55,1.25,1.05,2.92,7.99,3.05,6.65,2.8,1.93,3.23,3.42,3.24,6.01,2.56,62.03,3.77,28,15,45,NOT_83_LATE,0.011554901,4,1,875.9843,1177.2786,1398.466,1592.3943,1697.6914,NA,NA,NA,NA,4
NOT_84_LATE,coarNOTs_7716-21,338,294,313,M,3,NOT_fall,fall_run,fall_run,NOT_fall,26.44,1.93,2.74,1.39,1.34,3.3,7.66,3.24,6.83,3.18,2.27,3.47,4.56,4.69,6.45,2.78,56.73,4.29,20,12,55,NOT_84_LATE,0.014532808,4,1,654.2842,1075.3452,1388.2079,1675.1675,1812.8257,NA,NA,NA,NA,4
NOT_85_LATE,coarNOTs_7717-21,322,292,308,F,4,NOT_fall,fall_run,fall_run,NOT_fall,26.72,2.06,2.84,1.6,1.23,3.11,8.3,2.86,6.7,2.53,1.79,3.94,3.52,3.7,6.19,2.72,52.12,3.93,28,15,54,NOT_85_LATE,0.00084,5,1,768.9763,1201.1285,1426.3281,1589.3185,1735.9728,1818.8699,NA,NA,NA,5
NOT_86_LATE,coarNOTs_7718-21,317,286,312,F,4,NOT_fall,fall_run,fall_run,NOT_fall,25.93,1.82,2.58,1.25,1.29,3.15,7.91,3.07,6.62,2.52,2,3.65,3.68,3.96,6.31,2.68,57.9,3.98,28,17,48,NOT_86_LATE,0.01079962,5,1,777.6697,1125.3557,1325.6146,1506.0793,1643.6604,1711.5975,NA,NA,NA,5
NOT_87_LATE,coarNOTs_7719-21,415,381,485,M,3,NOT_fall,fall_run,summer_run,NOT_summer,35.33,2.42,3.76,1.77,1.26,4.4,10.63,4.47,8.82,3.87,2.78,4.88,4.99,4.04,7.93,3.59,59.98,5.14,27,14,60,NOT_87_LATE,0.005328792,NA,NA,NA,NA,NA,NA,NA,NA,NA,NA,NA,6
NOT_88_LATE,coarNOTs_7720-21,328,295,291,F,5,NOT_fall,fall_run,fall_run,NOT_fall,27.05,1.65,2.56,1.14,1.06,3.1,8.16,3.29,6.86,2.59,2.02,3.8,4.01,3.67,6.31,2.53,62.58,3.89,28,17,47,NOT_88_LATE,0.008908848,5,1,726.1509,1053.184,1238.1402,1415.51,1595.2733,1637.1042,NA,NA,NA,5
NOT_89_LATE,coarNOTs_7721-21,381,348,425,M,4,NOT_fall,fall_run,summer_run,NOT_summer,31.32,2.24,3.31,1.67,1.21,3.78,9.49,3.88,7.56,3.56,2.46,3.84,3.76,3.94,6.72,3.09,56.75,4.68,25,15,60,NOT_89_LATE,-0.003955932,NA,NA,NA,NA,NA,NA,NA,NA,NA,NA,NA,5
NOT_90_LATE,coarNOTs_7722-21,315,286,344,F,4,NOT_fall,fall_run,fall_run,NOT_fall,27,1.87,2.73,1.2,1.38,3.05,8.3,3.54,6.94,2.71,2.24,3.54,3.72,3.36,7.08,2.65,62.27,3.85,28,17,51,NOT_90_LATE,0.007399155,5,1,793.6919,1157.4721,1330.2619,1477.7748,1590.4473,1659.1133,NA,NA,NA,5
NOT_91_LATE,coarNOTs_7723-21,324,291,265,M,4,NOT_fall,fall_run,fall_run,NOT_fall,26.03,1.78,2.72,1.28,1.18,3.2,8.06,2.89,6.5,2.45,2,3.84,4.03,3.83,5.8,2.59,54.98,3.86,27,17,48,NOT_91_LATE,-0.002254543,4,1,791.0005,1077.6276,1321.1389,1480.2214,1559.7626,NA,NA,NA,NA,4
NOT_92_LATE,coarNOTs_7724-21,388,355,315,M,4,NOT_fall,fall_run,fall_run,NOT_fall,26.96,1.81,2.68,1.11,1.14,3.27,8.57,3.34,6.56,2.93,2.28,3.56,4.17,3.38,6.16,2.76,54.88,4,28,14,62,NOT_92_LATE,-0.005657034,4,1,825.5534,1243.0663,1452.8758,1612.3034,1692.5715,NA,NA,NA,NA,4
NOT_93_LATE,coarNOTs_7725-21,379,340,NA,M,3,NOT_fall,fall_run,summer_run,NOT_summer,32.79,2.37,3.53,1.78,1.28,4.09,9.45,4.18,8.07,3.18,2.46,4.61,4.63,4.51,7.34,3.47,43.55,4.98,27,15,66,NOT_93_LATE,0.000172,NA,NA,NA,NA,NA,NA,NA,NA,NA,NA,NA,6
NOT_94_LATE,coarNOTs_7726-21,365,331,NA,F,5,NOT_fall,fall_run,fall_run,NOT_fall,31.21,1.91,3,1.34,1.2,3.72,10.57,3.51,8.11,2.81,2.57,4.22,4.44,3.63,8.19,3.03,67,4.48,29,17,60,NOT_94_LATE,-0.006557628,5,2,635.0103,1114.7176,1388.1341,1606.1946,1731.5137,1852.5742,NA,NA,NA,5
NOT_95_LATE,coarNOTs_7727-21,364,330,NA,F,5,NOT_fall,fall_run,fall_run,NOT_fall,30.85,2.19,3.08,1.57,1.33,3.59,9.7,3.45,7.6,3.1,2.3,4.27,4.44,3.66,7,3.13,59.04,4.54,26,16,60,NOT_95_LATE,-0.005334088,7,2,635.3428,1137.381,1369.4496,1560.6003,1669.18,1785.4525,1835.7268,1894.3154,NA,7
NOT_96_LATE,coarNOTs_7728-21,309,285,NA,M,4,NOT_fall,fall_run,fall_run,NOT_fall,25.91,1.96,2.72,1.4,1.2,3.26,8.13,2.77,6.77,2.04,1.99,3.71,3.75,3.46,5.75,2.64,56,4.02,29,17,54,NOT_96_LATE,-0.003373616,4,2,677.0485,1019.1682,1182.3255,1329.4089,1445.3569,NA,NA,NA,NA,4
NOT_97_LATE,coarNOTs_7729-21,332,296,NA,M,4,NOT_fall,fall_run,fall_run,NOT_fall,27.74,2.06,3.08,1.48,1.26,3.61,8.39,3.44,7.06,3.04,2.32,3.41,4.41,3.36,6.54,3.02,66.02,4.36,28,14,57,NOT_97_LATE,0.001522708,4,1,663.2098,1107.2149,1289.0178,1440.4955,1560.4015,NA,NA,NA,NA,4
NOT_98_LATE,coarNOTs_7730-21,322,290,NA,F,5,NOT_fall,fall_run,fall_run,NOT_fall,26.36,2.12,2.91,1.44,1.32,3.17,8.09,3.22,6.26,2.75,1.95,3.73,3.61,3.47,6.3,2.79,49.36,4.13,26,16,43,NOT_98_LATE,-0.000457,6,2,739.8634,995.0149,1306.4602,1451.5518,1553.9017,1653.8489,1738.5659,NA,NA,6
NOT_99_LATE,coarNOTs_7731-21,354,322,NA,F,4,NOT_fall,fall_run,fall_run,NOT_fall,29.41,2.17,3.18,1.59,1.4,3.66,8.46,3.23,7.43,2.98,2.18,3.74,4.4,3.85,6.86,2.99,51.33,4.3,27,15,65,NOT_99_LATE,0.005647676,5,2,681.4646,936.5379,1164.4868,1314.0526,1501.359,1626.7944,NA,NA,NA,5
NOT_100_LATE,coarNOTs_7732-21,334,301,NA,M,4,NOT_fall,fall_run,fall_run,NOT_fall,27.56,1.91,4.17,1.22,1.13,3.23,8.47,2.93,7.01,2.63,2.14,3.86,4.17,3.77,5.94,2.51,56.04,4.07,27,16,55,NOT_100_LATE,-0.002156688,5,1,769.3511,1050.4867,1195.5784,1359.7675,1490.8393,1580.6089,NA,NA,NA,5
NOT_101_LATE,coarNOTs_7733-21,301,271,NA,M,4,NOT_fall,fall_run,fall_run,NOT_fall,24.76,1.64,2.71,1.24,1.12,2.87,7.76,3.17,6.27,2.77,1.96,3.54,3.72,3.79,5.94,2.5,60.61,3.68,27,17,49,NOT_101_LATE,0.001636911,3,1,734.6763,1088.961,1392.9251,1569.0148,NA,NA,NA,NA,NA,3
NOT_102_LATE,coarNOTs_7734-21,312,280,NA,M,4,NOT_fall,fall_run,fall_run,NOT_fall,25.74,1.82,2.53,1.19,1.13,3.04,7.77,3.01,6.59,2.69,1.99,3.64,4.03,3.97,5.83,2.5,62.54,3.74,28,15,52,NOT_102_LATE,0.00319822,4,1,801.0786,1210.5041,1405.1318,1589.8454,1686.4398,NA,NA,NA,NA,4
NOT_103_LATE,coarNOTs_7735-21,340,306,NA,M,4,NOT_fall,fall_run,fall_run,NOT_fall,28.49,2.02,2.89,1.43,1.36,3.27,9.26,3.06,7,2.81,2.26,3.88,4.12,4.09,6.57,2.83,67.05,4.33,26,16,55,NOT_103_LATE,-0.01227113,7,2,478.3066,667.7712,801.9092,966.7299,1100.7055,1183.0025,1250.2492,1306.9342,NA,7
NOT_104_LATE,coarNOTs_7736-21,300,271,NA,M,3,NOT_fall,fall_run,fall_run,NOT_fall,24.76,1.9,2.82,1.27,1.17,3.05,7.57,2.73,6.18,2.58,1.98,3.47,3.95,3.5,5.45,2.49,55.87,3.74,28,16,61,NOT_104_LATE,0.003843565,3,1,630.8772,900.8568,1148.8501,1313.0466,NA,NA,NA,NA,NA,3
NOT_105_LATE,coarNOTs_7737-21,361,325,NA,F,4,NOT_fall,fall_run,fall_run,NOT_fall,29.07,2.02,2.84,1.28,1.26,3.53,8.9,3.66,7.54,3.02,2.36,3.8,4.52,3.75,7.21,2.88,55.63,4.38,26,16,50,NOT_105_LATE,0.008506026,5,1,629.9952,913.9357,1138.4923,1326.9031,1445.0574,1537.1668,NA,NA,NA,5
NOT_106_LATE,coarNOTs_7738-21,340,307,NA,F,4,NOT_fall,fall_run,fall_run,NOT_fall,27.82,1.67,2.65,1.15,1.11,3.23,8.56,3.02,6.94,3.26,2.22,4.4,3.47,4.02,6.9,2.7,58.25,3.88,27,16,55,NOT_106_LATE,0.024468169,5,2,660.0438,1044.8425,1262.3273,1360.4346,1459.8233,1477.2261,NA,NA,NA,5
NOT_107_LATE,coarNOTs_7739-21,330,298,NA,F,4,NOT_fall,fall_run,fall_run,NOT_fall,27.38,1.91,2.83,1.33,1.21,3.31,8.73,3.42,6.94,2.89,2.26,4.07,4.36,3.6,7.42,2.78,49,4.36,28,15,51,NOT_107_LATE,0.0112579,5,1,830.1536,1179.8859,1353.4483,1473.129,1522.8546,1580.4832,NA,NA,NA,5
NOT_108_LATE,coarNOTs_7740-21,397,366,NA,F,3,NOT_fall,fall_run,fall_run,NOT_fall,33.39,2.13,3.35,1.6,1.36,4.4,9.8,3.88,8.14,3.36,2.66,4.75,4.95,5.08,7.33,3.37,55.29,4.88,29,17,67,NOT_108_LATE,0.004878555,NA,NA,NA,NA,NA,NA,NA,NA,NA,NA,NA,5
NOT_109_LATE,coarNOTs_7741-21,345,312,NA,F,4,NOT_fall,fall_run,fall_run,NOT_fall,28.4,1.93,2.67,1.36,1.29,3.32,8.87,3.45,7.36,2.5,2.1,4.18,3.63,3.78,6.99,2.67,55.59,4.31,28,15,55,NOT_109_LATE,0.004972935,5,1,675.3779,1103.0114,1294.6874,1486.5819,1641.2569,1714.8578,NA,NA,NA,5
NOT_110_LATE,coarNOTs_7742-21,382,351,NA,M,4,NOT_fall,fall_run,summer_run,NOT_summer,32.28,2.39,3.47,1.7,1.23,3.82,9.08,4.41,7.62,3.82,2.62,4.66,4.55,4.09,7.25,3.39,52.2,4.78,25,15,60,NOT_110_LATE,0.015787763,NA,NA,NA,NA,NA,NA,NA,NA,NA,NA,NA,5
NOT_111_LATE,coarNOTs_7743-21,330,299,NA,M,3,NOT_fall,fall_run,fall_run,NOT_fall,26.82,1.77,2.7,1.47,1.12,3.25,7.67,3.42,7.01,3.2,2.2,3.89,4.22,4.65,6.51,2.83,48.68,4.14,29,16,60,NOT_111_LATE,0.025779857,5,2,739.9557,1064.0281,1344.8834,1461.1887,1563.4576,1625.0363,NA,NA,NA,5
NOT_112_LATE,coarNOTs_7744-21,345,315,NA,F,5,NOT_fall,fall_run,fall_run,NOT_fall,28.52,2.38,3.36,1.58,1.26,4.04,8.6,3.26,7.2,3.08,2.24,3.78,4.83,3.92,6.89,3.4,59.43,4.6,28,16,66,NOT_112_LATE,-0.000398,6,2,840.3868,1248.5154,1504.2968,1709.0376,1897.7881,2098.6947,2199.4103,NA,NA,6
NOT_113_LATE,coarNOTs_7745-21,383,354,NA,M,3,NOT_fall,fall_run,summer_run,NOT_summer,32.2,2.34,3.23,1.65,1.25,3.77,9.82,3.98,7.72,3.96,2.77,4.37,4.63,3.87,6.95,3.18,59.32,4.82,27,15,65,NOT_113_LATE,0.009754998,5,1,685.6264,1014.4741,1325.58,1458.871,1557.4675,1640.9689,NA,NA,NA,5
NOT_114_LATE,coarNOTs_7746-21,380,345,NA,F,5,NOT_fall,fall_run,summer_run,NOT_summer,31.68,1.99,3.02,1.28,1.32,3.55,9.41,4.52,8.15,3.21,2.43,4.66,4.08,3.98,8.47,3.24,71.34,4.68,29,17,61,NOT_114_LATE,0.015425597,7,1,671.5451,1132.5117,1453.435,1677.8293,1908.7539,2069.5912,2171.284,2240.0826,NA,7
NOT_115_LATE,coarNOTs_7747-21,354,317,NA,F,5,NOT_fall,fall_run,fall_run,NOT_fall,28.54,2.11,3.03,1.43,1.19,3.33,9.3,3.21,7.48,2.96,2.1,3.46,4.45,4.21,6.86,3.03,62.87,4.16,27,16,48,NOT_115_LATE,-0.003087881,5,2,861.814,1234.2165,1496.3486,1606.5077,1694.87,1745.7707,NA,NA,NA,5
NOT_116_LATE,coarNOTs_7748-21,354,320,NA,F,5,NOT_fall,fall_run,fall_run,NOT_fall,26.49,2.24,3.2,1.59,1.28,3.66,8.79,3.19,7.26,2.51,2.07,3.86,4.15,4.21,6.77,3.09,60.66,4.51,29,15,50,NOT_116_LATE,0.002226648,5,1,750.1225,1129.6295,1373.9833,1544.8063,1703.5985,1783.5312,NA,NA,NA,5
NOT_117_LATE,coarNOTs_7749-21,330,295,NA,M,3,NOT_fall,fall_run,fall_run,NOT_fall,27.3,1.85,2.89,1.38,1.16,3.31,8.05,3.18,7.07,2.82,2.11,3.88,4.32,3.85,6.12,2.79,54.89,4.2,27,11,51,NOT_117_LATE,0.009710322,4,1,861.1049,1117.6702,1424.4602,1548.4987,1589.2355,NA,NA,NA,NA,4
NOT_118_LATE,coarNOTs_7750-21,335,307,NA,F,5,NOT_fall,fall_run,fall_run,NOT_fall,28.27,2.11,3.05,1.48,1.31,3.42,9,3.12,7.14,2.51,2.09,4.39,3.92,3.81,7.13,2.92,59.18,4.21,29,16,48,NOT_118_LATE,-0.00036,7,2,779.1127,1100.3724,1206.9618,1296.3627,1380.5042,1495.8064,1543.3569,1589.5353,NA,7
NOT_119_LATE,coarNOTs_7751-21,348,312,NA,F,5,NOT_fall,fall_run,fall_run,NOT_fall,29.12,2.01,3.11,1.42,1.34,3.59,9.45,3.51,7.26,2.58,2.23,3.97,4.13,3.38,7.35,3.03,65.82,4.22,28,17,50,NOT_119_LATE,-0.009425598,6,2,610.9728,907.7548,1073.3916,1245.5138,1341.8825,1407.7106,1493.2822,NA,NA,6
NOT_120_LATE,coarNOTs_7752-21,334,306,NA,M,5,NOT_fall,fall_run,fall_run,NOT_fall,28.23,2.01,2.85,1.45,1.35,3.4,8.36,3.58,7.25,2.75,2.04,3.96,3.66,3.67,6.35,2.85,58.02,4.38,26,16,58,NOT_120_LATE,0.005890427,5,1,830.8943,1156.2061,1346.8549,1518.4642,1651.039,1727.8606,NA,NA,NA,5
NOT_121_LATE,coarNOTs_7753-21,322,290,NA,M,3,NOT_fall,fall_run,fall_run,NOT_fall,26.37,1.95,2.99,1.36,1.24,3.4,8.02,3.35,6.86,2.93,2.12,3.33,3.82,3.45,6.36,2.89,57.45,4.08,25,16,57,NOT_121_LATE,0.004271233,5,1,726.9005,1130.864,1383.1951,1581.0075,1659.9272,1704.0209,NA,NA,NA,5
NOT_122_LATE,coarNOTs_7754-21,345,314,NA,M,3,NOT_fall,fall_run,fall_run,NOT_fall,28.86,2.05,3.13,1.37,1.2,3.27,8.51,3.56,7.48,3.22,2.18,4.24,4.22,3.7,6.83,2.95,54.08,4.19,26,17,63,NOT_122_LATE,0.019858082,5,2,796.6312,1179.5107,1421.1952,1517.817,1596.0969,1651.0541,NA,NA,NA,5
NOT_123_LATE,coarNOTs_7755-21,329,295,NA,M,3,NOT_fall,fall_run,summer_run,NOT_summer,26.79,2.08,2.87,1.43,1.22,3.29,7.77,3.47,6.65,2.77,2.25,3.53,4.44,3.56,5.88,2.76,55.31,3.89,29,15,55,NOT_123_LATE,0.004791,NA,NA,NA,NA,NA,NA,NA,NA,NA,NA,NA,5
NOT_124_LATE,coarNOTs_7756-21,329,297,NA,M,5,NOT_fall,fall_run,summer_run,NOT_summer,26.91,1.96,2.97,1.4,1.2,3.27,8.17,3.06,6.62,3.1,2.06,3.73,4.2,3.6,5.8,2.61,55.03,4.11,30,16,65,NOT_124_LATE,0.000396,NA,NA,NA,NA,NA,NA,NA,NA,NA,NA,NA,5
NOT_125_LATE,coarNOTs_7757-21,285,260,NA,F,5,NOT_fall,fall_run,fall_run,NOT_fall,23.01,1.62,2.42,1.1,1.12,3.17,6.39,2.83,5.94,2.46,1.67,3.2,3.47,3.06,5.59,2.24,57.06,3.47,26,15,44,NOT_125_LATE,0.009586557,NA,NA,NA,NA,NA,NA,NA,NA,NA,NA,NA,3
NOT_126_LATE,coarNOTs_7758-21,317,288,NA,M,4,NOT_fall,fall_run,fall_run,NOT_fall,26.5,1.88,2.63,1.28,1.13,3.14,8.32,3.15,6.62,2.23,2.1,3.76,4.11,3.2,5.99,2.6,54.24,3.82,29,16,59,NOT_126_LATE,-0.007730692,NA,NA,NA,NA,NA,NA,NA,NA,NA,NA,NA,5
NOT_127_LATE,coarNOTs_7759-21,325,290,NA,F,5,NOT_fall,fall_run,fall_run,NOT_fall,26.7,2.15,3.11,1.58,1.23,3.38,8.45,3.07,7.11,2.83,2.2,3.58,3.99,3.29,6.94,2.94,55.57,4.41,28,16,42,NOT_127_LATE,0.008796014,NA,NA,NA,NA,NA,NA,NA,NA,NA,NA,NA,4
NOT_128_LATE,coarNOTs_7760-21,320,286,NA,M,3,NOT_fall,fall_run,fall_run,NOT_fall,26.16,1.92,2.75,1.38,1.18,3.26,7.65,3.13,6.19,3.1,1.9,3.58,3.94,3.5,5.54,2.58,55.05,3.77,28,14,58,NOT_128_LATE,0.007679786,NA,NA,NA,NA,NA,NA,NA,NA,NA,NA,NA,4
NOT_129_LATE,coarNOTs_7761-21,325,299,NA,M,3,NOT_fall,fall_run,fall_run,NOT_fall,26.89,1.7,2.57,1.23,1.16,3.86,7.69,2.72,7.29,2.45,2.1,3.77,3.89,3.64,6.49,2.42,72.39,4.11,28,16,52,NOT_129_LATE,0.004496324,NA,NA,NA,NA,NA,NA,NA,NA,NA,NA,NA,5
NOT_130_LATE,coarNOTs_7762-21,325,295,NA,F,5,NOT_fall,fall_run,fall_run,NOT_fall,26.9,2.1,2.84,1.68,1.34,3.31,8.12,3.16,6.75,2.79,2.01,3.54,3.49,3.51,6.14,2.82,54.15,4.28,27,16,55,NOT_130_LATE,-0.002818369,NA,NA,NA,NA,NA,NA,NA,NA,NA,NA,NA,4